{
	"description": "项目配置文件",
	"packOptions": {
		"ignore": []
	},
	"setting": {
		"urlCheck": false,
		"es6": false,
		"postcss": false,
		"minified": false,
		"newFeature": true,
		"nodeModules": false,
		"autoAudits": false
	},
	"compileType": "miniprogram",
	"libVersion": "2.4.3",
	"appid": "wx6fa5cfe18247b8c5",
	"projectname": "test",
	"debugOptions": {
		"hidedInDevtools": []
	},
	"isGameTourist": false,
	"condition": {
		"search": {
			"current": -1,
			"list": []
		},
		"conversation": {
			"current": -1,
			"list": []
		},
		"plugin": {
			"current": -1,
			"list": []
		},
		"game": {
			"currentL": -1,
			"list": []
		},
		"miniprogram": {
			"current": 0,
			"list": [
				{
					"id": -1,
					"name": "test",
					"pathName": "pages/main/home/index",
					"query": "wepy build --watch",
					"scene": "1001"
				}
			]
		}
	}
}