{
    "component": true,
    "usingComponents": {
        "collect-form": "../collect-form/index",
        "avatar": "../avatar/index",
        "note-image-swiper": "../note-image-swiper/index",
        "note-video": "../note-video/index",
        "note-text": "../note-text/index",
        "note-action-bar": "../note-action-bar/index",
        "note-comment": "../note-comment/index",
        "image-pagination": "../image-pagination/index",
        "follow-modal": "../follow-modal/index",
        "note-date": "../note-date/index",
        "cooperate-binds": "../cooperate-binds/index",
        "pinch-tip": "../pinch-tip/index"
    }
}